"variable","group","year"
-0.326036490515386,"a",2001
0.552461855419139,"a",2001
-0.67494384395583,"a",2001
0.214359459043425,"a",2001
0.310769217313602,"a",2001
1.1739662875627,"a",2001
0.618789855625968,"a",2001
-0.112734314754215,"a",2001
0.917028289512712,"a",2001
-0.223259364627263,"a",2001
0.526448098873642,"a",2001
-0.794844435415055,"a",2001
1.42775554468304,"a",2001
-1.46681969416347,"a",2001
-0.236683378602896,"a",2001
-0.1933379649975,"a",2001
-0.849754740333862,"a",2001
0.0584654978495017,"a",2001
-0.817670355875958,"a",2001
-2.05030781563963,"a",2001
-0.163755665941423,"a",2001
0.708522104156376,"a",2001
-0.267980546181617,"a",2001
-1.46392175987102,"a",2001
0.744435822875318,"a",2001
-1.4103901810052,"a",2001
0.467067606015246,"a",2001
-0.119320107694245,"a",2001
0.467238961765515,"a",2001
0.498135564435914,"a",2001
0.894937200540396,"a",2001
0.279151996413743,"a",2001
1.00786575031424,"a",2001
-2.07310649057379,"a",2001
1.18985338378285,"a",2001
-0.724374218369974,"a",2001
0.167983772348879,"a",2001
0.920335158580844,"a",2001
-1.67160481202292,"a",2001
0.448469069614306,"a",2001
0.482458809858766,"a",2001
0.758213782399003,"a",2001
-2.31932736896749,"a",2001
-0.459504780196151,"a",2001
-1.10538366697927,"a",2001
0.402928273406297,"a",2001
0.568934917844047,"a",2001
-0.706083282429614,"a",2001
-0.290090625815567,"a",2001
-1.48387807160556,"a",2001
-1.15025528126137,"a",2001
-0.274471161816463,"a",2001
0.577901002861171,"a",2001
-1.39690264657703,"a",2001
0.74905771616478,"a",2001
-1.05118669692296,"a",2001
0.165380870625706,"a",2001
1.12980912049522,"a",2001
1.17372246423572,"a",2001
-0.427863231850421,"a",2001
-0.259802107839475,"a",2001
-1.41117304365668,"a",2001
-0.641357554081644,"a",2001
0.112457509152448,"a",2001
0.422604331138563,"a",2001
0.386835291215675,"a",2001
-0.687798326082019,"a",2001
0.148902488663005,"a",2001
-0.0576497484824952,"a",2001
-0.0748233649223828,"a",2001
1.50989743811878,"a",2001
1.61993700793992,"a",2001
1.1531581669848,"a",2001
-0.0776035954486494,"a",2001
-1.81893450079797,"a",2001
-1.03744458273607,"a",2001
0.302492245643734,"a",2001
-1.27794616724639,"a",2001
0.138339047584972,"a",2001
-0.0509841237610558,"a",2001
1.85214757493023,"a",2001
1.11167526953782,"a",2001
-0.51137532176584,"a",2001
-0.54388110381726,"a",2001
-1.72892728363495,"a",2001
0.470749538951291,"a",2001
0.00538712217177903,"a",2001
1.34804578555275,"a",2001
0.724096713299373,"a",2001
1.5525491646626,"a",2001
1.32546983172223,"a",2001
-0.0342650924931979,"a",2001
-0.36101339765776,"a",2001
-0.720165422308314,"a",2001
0.282014933367501,"a",2001
-0.790525663563787,"a",2001
-0.444904550728676,"a",2001
1.3649931693787,"a",2001
0.49745433829489,"a",2001
-0.814396475841323,"a",2001
0.268065837240828,"a",2002
-0.592208310995591,"a",2002
2.1334863572493,"a",2002
1.17274866696687,"a",2002
0.746760989259751,"a",2002
-0.230508693259376,"a",2002
0.087771702263277,"a",2002
-2.18373967936393,"a",2002
-0.466631586162683,"a",2002
1.68595983797615,"a",2002
-0.567920925939037,"a",2002
-0.0467430156271661,"a",2002
-0.156980587612414,"a",2002
1.60224243993513,"a",2002
0.768653673570072,"a",2002
-0.771629356355782,"a",2002
-0.630681983107717,"a",2002
-0.830280595600524,"a",2002
-0.591112738264032,"a",2002
0.981085406761844,"a",2002
-0.661605265920387,"a",2002
-0.772417686267463,"a",2002
-2.01847346685034,"a",2002
-0.533585424847069,"a",2002
0.434728333631805,"a",2002
-0.771167342250685,"a",2002
-0.753940822242337,"a",2002
-0.299357818093206,"a",2002
1.66396642633394,"a",2002
-1.24432983614235,"a",2002
-0.783134374083311,"a",2002
0.244830557556244,"a",2002
-0.143887168528834,"a",2002
-1.60863141694511,"a",2002
0.951579971801912,"a",2002
-1.81913169113661,"a",2002
1.78367170513088,"a",2002
1.88713936034755,"a",2002
1.49071877762558,"a",2002
-0.380599521961682,"a",2002
-0.909375011345674,"a",2002
-0.338094107473901,"a",2002
-1.41188351912177,"a",2002
0.21754288752496,"a",2002
0.670126170494308,"a",2002
-0.28785937817374,"a",2002
0.469303495405442,"a",2002
-0.470071427334035,"a",2002
-0.239265919007744,"a",2002
-0.447462488469958,"a",2002
-0.618829657395325,"a",2002
0.252963051455575,"a",2002
-0.753368175006862,"a",2002
0.732276852534274,"a",2002
-0.40258671277439,"a",2002
-2.82300011864761,"a",2002
0.462973827409201,"a",2002
2.13286972606545,"a",2002
-0.270486687454884,"a",2002
0.248525349077002,"a",2002
0.0381164746693863,"a",2002
0.394068949877276,"a",2002
-1.50408519764693,"a",2002
-1.58689079440535,"a",2002
-0.92711807673826,"a",2002
0.776197039664536,"a",2002
-0.780684439992302,"a",2002
-1.2785670240803,"a",2002
-0.00142812822527075,"a",2002
-1.85097812380288,"a",2002
0.451505334944176,"a",2002
-0.432947054631599,"a",2002
0.713602899314127,"a",2002
0.960695470250525,"a",2002
0.381535209730526,"a",2002
1.21807279764716,"a",2002
-0.0171372605280001,"a",2002
-0.03820949270208,"a",2002
1.243734394854,"a",2002
-0.955858745208508,"a",2002
0.915425235164844,"a",2002
-0.939337975547168,"a",2002
0.112124819542646,"a",2002
0.553012618613078,"a",2002
0.5317419632335,"a",2002
-0.873762389439208,"a",2002
-0.186849272904419,"a",2002
-0.213710488041523,"a",2002
-0.204011273018691,"a",2002
1.71970924052031,"a",2002
0.202033482217385,"a",2002
0.512655777512822,"a",2002
1.45240001198695,"a",2002
0.363865465173405,"a",2002
-0.875848946464095,"a",2002
-0.0145607330910744,"a",2002
-0.724493164867117,"a",2002
1.969370094487,"a",2002
-0.536402426950987,"a",2002
-0.0262323400230254,"a",2002
-0.164032353386482,"a",2003
-1.38327506389604,"a",2003
0.423511264154111,"a",2003
-0.790488911573172,"a",2003
1.20992484868538,"a",2003
0.894516769107157,"a",2003
-0.101198541182539,"a",2003
0.29712256945725,"a",2003
0.197297723223939,"a",2003
-0.156983744620943,"a",2003
1.53657101159021,"a",2003
-2.16766968075807,"a",2003
0.598448151380301,"a",2003
0.0431123594716387,"a",2003
1.29502719092384,"a",2003
0.706302935737443,"a",2003
0.345545075357528,"a",2003
-0.0798966533465162,"a",2003
0.454807547451574,"a",2003
1.27625236923049,"a",2003
1.2648376462961,"a",2003
0.26925353035912,"a",2003
-0.120544093437728,"a",2003
0.795271350663759,"a",2003
-0.514027644033044,"a",2003
-0.40659346739169,"a",2003
1.21971897898245,"a",2003
0.0837113702458971,"a",2003
0.589902151192238,"a",2003
-0.517419284506192,"a",2003
0.769463486620852,"a",2003
0.801969741044952,"a",2003
-0.696860144353812,"a",2003
1.177853178306,"a",2003
0.585845258165705,"a",2003
-0.466893883407381,"a",2003
0.3856496369842,"a",2003
-0.534605584623016,"a",2003
1.05666840136629,"a",2003
-0.206093269636223,"a",2003
0.60701223616656,"a",2003
-0.548063857565169,"a",2003
-2.09997632605104,"a",2003
0.250812763244473,"a",2003
-0.0549452806115849,"a",2003
-0.659727808540191,"a",2003
-1.45585737900865,"a",2003
0.0237294264634486,"a",2003
0.547908091268769,"a",2003
-0.808901395385087,"a",2003
-0.239023245607069,"a",2003
-0.353118732175528,"a",2003
0.819599207165928,"a",2003
-0.345279614352431,"a",2003
-1.18288445586158,"a",2003
-1.03132108779389,"a",2003
-0.0750893152514983,"a",2003
0.828585474949519,"a",2003
-1.03598465538748,"a",2003
-0.147156109684944,"a",2003
-0.281453876038291,"a",2003
-1.37368566941537,"a",2003
1.55845014155207,"a",2003
-0.57494503613467,"a",2003
2.18733524053184,"a",2003
0.794291623143929,"a",2003
0.202560260341175,"a",2003
-0.0220500849832044,"a",2003
0.304530887225146,"a",2003
-1.1092492414154,"a",2003
0.765473097985681,"a",2003
-0.0220264291577605,"a",2003
-0.903998222855681,"a",2003
0.400001736564899,"a",2003
-1.14928759196062,"a",2003
0.188167629294663,"a",2003
0.217290096347952,"a",2003
-1.04908572462521,"a",2003
-0.0751234328439355,"a",2003
-1.56798896178066,"a",2003
-1.17379709610829,"a",2003
-2.14830605620601,"a",2003
0.341715452527099,"a",2003
0.904970837787923,"a",2003
1.09649045333733,"a",2003
-1.47126092934297,"a",2003
-0.280596864560926,"a",2003
0.846139617007925,"a",2003
-1.28591371800217,"a",2003
-0.312435869163608,"a",2003
-0.36284324052178,"a",2003
1.41245391943755,"a",2003
-0.255202309202219,"a",2003
0.387017528534366,"a",2003
0.524940745178194,"a",2003
0.615145179774206,"a",2003
-0.332816293049665,"a",2003
0.745328759898821,"a",2003
-0.311265396437325,"a",2003
-0.234251449605013,"a",2003
-1.16585694436698,"a",2004
-0.23979867027602,"a",2004
1.18438266837219,"a",2004
0.207508387039108,"a",2004
-0.0436325970354455,"a",2004
-0.971077502028354,"a",2004
0.574222580105223,"a",2004
-1.25986542223968,"a",2004
1.06167880703241,"a",2004
-0.433993679431673,"a",2004
0.239176945168019,"a",2004
-0.502328611745041,"a",2004
-1.70387658397506,"a",2004
0.523772241427614,"a",2004
1.56417215406704,"a",2004
-2.46625286976607,"a",2004
-0.148820765084651,"a",2004
2.11083700324841,"a",2004
-0.346195291528631,"a",2004
0.982182546338488,"a",2004
0.391431404190546,"a",2004
-0.509994056962535,"a",2004
-1.0496464305767,"a",2004
0.0460071520322676,"a",2004
-1.0088281735442,"a",2004
-0.656249673336281,"a",2004
0.0940179307429689,"a",2004
0.0179242749626461,"a",2004
-1.60352449503172,"a",2004
0.483076079040992,"a",2004
-0.224422824935508,"a",2004
-0.437397855900056,"a",2004
1.32776845840738,"a",2004
-0.468477873025446,"a",2004
-1.33995772628447,"a",2004
1.66543272776861,"a",2004
0.538949952138077,"a",2004
0.999384763413126,"a",2004
0.341489328926142,"a",2004
-1.05862733130268,"a",2004
-0.0415993014090398,"a",2004
-1.29282767682497,"a",2004
-0.893863996540352,"a",2004
0.541909198067899,"a",2004
0.96963598454945,"a",2004
-0.244988917948808,"a",2004
0.860180084424709,"a",2004
-0.675843952185185,"a",2004
-0.500043688364124,"a",2004
1.83203289065985,"a",2004
-0.329272263378209,"a",2004
0.261307886624712,"a",2004
-1.11216053142065,"a",2004
1.06221046113754,"a",2004
0.205000244171687,"a",2004
-2.02432771517004,"a",2004
1.22737475432954,"a",2004
1.1953441304346,"a",2004
0.772515546839223,"a",2004
-1.40953802636953,"a",2004
-0.43242997230287,"a",2004
-0.442288111399416,"a",2004
1.34899226158638,"a",2004
-1.07463159377551,"a",2004
-0.335082418815194,"a",2004
0.750832412618636,"a",2004
1.99720657393103,"a",2004
1.79190783602721,"a",2004
-1.23297630910884,"a",2004
-3.17720974034715,"a",2004
-1.08484173165399,"a",2004
0.0607634334966003,"a",2004
-0.181766151621347,"a",2004
0.341311013584644,"a",2004
1.10679158982067,"a",2004
0.688816160126333,"a",2004
0.470991750342963,"a",2004
-1.64006703209326,"a",2004
-0.679023165379528,"a",2004
0.486308057492237,"a",2004
0.226175395529003,"a",2004
-0.646680736793556,"a",2004
-0.113285802208356,"a",2004
0.520523659696982,"a",2004
2.58674304062644,"a",2004
0.542192343473393,"a",2004
1.06520387801695,"a",2004
-0.7501478658908,"a",2004
0.793791101470642,"a",2004
-0.74976285868803,"a",2004
0.306302268328381,"a",2004
1.31836986941428,"a",2004
-0.266540210545316,"a",2004
0.265806173685163,"a",2004
1.13983841288017,"a",2004
-0.986544820498611,"a",2004
-0.673666787834073,"a",2004
-1.9047442725501,"a",2004
-0.717922087880401,"a",2004
-0.383542012478036,"a",2004
-0.320536946168522,"a",2005
-2.0919207780441,"a",2005
-1.85183190983504,"a",2005
0.439665272322799,"a",2005
0.141904835351357,"a",2005
-0.825059120475536,"a",2005
-1.37117981596442,"a",2005
0.0248814464127859,"a",2005
1.58099249126551,"a",2005
-0.759716027054063,"a",2005
-0.538544784126462,"a",2005
-0.260291279435667,"a",2005
-0.644601306755667,"a",2005
1.21525293567706,"a",2005
1.78200261661201,"a",2005
-0.0640374279297368,"a",2005
0.624481143281806,"a",2005
-0.938595151891697,"a",2005
-1.83268341650819,"a",2005
-0.901485727138233,"a",2005
-0.950902079388975,"a",2005
-0.835303305479703,"a",2005
0.546097928453923,"a",2005
1.61253588475273,"a",2005
-0.653114667017496,"a",2005
-0.0366466527552756,"a",2005
-0.11063269749809,"a",2005
1.24200543155469,"a",2005
-0.692423648640847,"a",2005
-1.16544261178804,"a",2005
-1.05609325823517,"a",2005
0.723485112002042,"a",2005
0.360227511693603,"a",2005
0.256221180288194,"a",2005
0.752887908098141,"a",2005
-0.992624361743221,"a",2005
1.48632630711899,"a",2005
-0.726653653578297,"a",2005
0.0966503179347833,"a",2005
0.214864061434575,"a",2005
0.518475485469224,"a",2005
-0.296302894744337,"a",2005
-0.352000868785788,"a",2005
0.133719626529231,"a",2005
-0.226863013066367,"a",2005
0.863076731007076,"a",2005
1.60421219913685,"a",2005
-0.445835718074259,"a",2005
-1.18957146629936,"a",2005
0.246621550628576,"a",2005
-0.761491024515474,"a",2005
-0.393981667023994,"a",2005
-1.72826292188549,"a",2005
0.26293965828286,"a",2005
-1.61558979829955,"a",2005
-0.117269628962947,"a",2005
0.325928044349314,"a",2005
-1.90093451424353,"a",2005
-0.469805110693186,"a",2005
0.12384558683103,"a",2005
-1.12703977794798,"a",2005
-0.40179926027606,"a",2005
0.00515375780451839,"a",2005
0.672541593562754,"a",2005
-1.44636079888457,"a",2005
-1.14362000748856,"a",2005
-0.300824962520737,"a",2005
-1.3889142652328,"a",2005
-2.02747974676345,"a",2005
0.505215906503121,"a",2005
0.771499632311908,"a",2005
-1.61288294516713,"a",2005
1.14242107325242,"a",2005
2.09829328975597,"a",2005
-0.167363074959246,"a",2005
-0.266927381557538,"a",2005
0.794821728110915,"a",2005
-0.456845694234203,"a",2005
-0.9717027575482,"a",2005
-0.472534566018054,"a",2005
0.947655042454646,"a",2005
1.01603959389947,"a",2005
1.75186717882185,"a",2005
1.04770237040486,"a",2005
-0.377857303194348,"a",2005
0.508104782671683,"a",2005
-1.07018458754786,"a",2005
-0.144224762219455,"a",2005
-1.01170541546209,"a",2005
1.24302324833439,"a",2005
-0.0788894233080728,"a",2005
-0.807295116986153,"a",2005
-0.996201639682667,"a",2005
-0.858331208674942,"a",2005
-0.950738272503761,"a",2005
-1.12179377839042,"a",2005
-0.135076212757754,"a",2005
-0.874073743405185,"a",2005
0.258678991135885,"a",2005
-1.74514130053885,"a",2005
-1.27235813384977,"a",2006
-0.663071583784232,"a",2006
-0.296543129823535,"a",2006
-0.573966426857788,"a",2006
-0.0261740819891586,"a",2006
0.259727223858613,"a",2006
0.533417571564717,"a",2006
-0.542068604028933,"a",2006
0.337668446597592,"a",2006
-0.237912860236372,"a",2006
1.12569776459416,"a",2006
0.204687898185319,"a",2006
-0.0158696557762988,"a",2006
0.185196040701289,"a",2006
0.108231141887518,"a",2006
0.673992699568888,"a",2006
-0.951967116015085,"a",2006
-0.49847329238345,"a",2006
-0.653518730626198,"a",2006
-0.126079083822503,"a",2006
-0.63786646305784,"a",2006
0.337567398663831,"a",2006
-0.0293290444389355,"a",2006
1.22872814344106,"a",2006
1.5852807887064,"a",2006
-0.314372753193934,"a",2006
0.975752659352041,"a",2006
0.742089703332306,"a",2006
2.22545763479131,"a",2006
-1.49733966351932,"a",2006
1.10607312374539,"a",2006
-0.528306606953451,"a",2006
1.37600858615402,"a",2006
-0.902418328445858,"a",2006
-0.187779424621619,"a",2006
-0.870346851499633,"a",2006
0.242566741570346,"a",2006
1.21833015656087,"a",2006
-0.980230859274554,"a",2006
0.559592003462406,"a",2006
0.720403503457711,"a",2006
-1.77663789126202,"a",2006
0.224056026698433,"a",2006
-1.13998461912096,"a",2006
1.37689935228885,"a",2006
1.78010861285818,"a",2006
0.294056166084933,"a",2006
-0.931644250838032,"a",2006
0.635615730133026,"a",2006
-0.835824653377363,"a",2006
-1.01989727087461,"a",2006
0.161469222777442,"a",2006
0.630325928930935,"a",2006
-0.0295000730129872,"a",2006
0.0123096815697504,"a",2006
-0.291542071228928,"a",2006
1.70555685861385,"a",2006
-1.4681797348409,"a",2006
0.234854036923787,"a",2006
-0.50907606118858,"a",2006
-2.11623551713465,"a",2006
0.563936262019612,"a",2006
1.78903387677195,"a",2006
0.0531982872022936,"a",2006
0.912892722040135,"a",2006
-0.14650964773353,"a",2006
-0.176198701701301,"a",2006
-1.05553674309767,"a",2006
1.23906895247316,"a",2006
1.12782635671548,"a",2006
-0.685512759930939,"a",2006
1.75405541628753,"a",2006
0.285918893561696,"a",2006
-0.0962387387695353,"a",2006
0.5360352486976,"a",2006
-0.709831218060594,"a",2006
0.276400851281746,"a",2006
0.307538741741893,"a",2006
-0.826253016429561,"a",2006
0.445342810177667,"a",2006
-0.54951846472008,"a",2006
-1.4429819561099,"a",2006
-0.224787352050971,"a",2006
0.301541205096059,"a",2006
0.174550551163889,"a",2006
-0.582841397247516,"a",2006
-0.229003608218134,"a",2006
0.995383822650051,"a",2006
0.702549863325071,"a",2006
-1.06911765608834,"a",2006
-0.115622009338538,"a",2006
0.692424214921812,"a",2006
-1.67194797365458,"a",2006
0.160245362696853,"a",2006
-0.774689485196757,"a",2006
0.115530664096697,"a",2006
-1.03897772143373,"a",2006
0.177564889148007,"a",2006
1.68886362116128,"a",2006
1.17859536149139,"a",2006
-0.389312673408208,"a",2007
-1.07264845556647,"a",2007
-0.39534635863751,"a",2007
-0.84498759833155,"a",2007
-0.655940482090014,"a",2007
-2.50699143903884,"a",2007
0.167839957700375,"a",2007
1.21561048096742,"a",2007
0.255145945830071,"a",2007
1.61906288695254,"a",2007
-0.00412130949977466,"a",2007
0.314819995605099,"a",2007
0.164851018642503,"a",2007
-0.712664522447988,"a",2007
-1.27655759046954,"a",2007
1.06812336608449,"a",2007
-0.802880168469588,"a",2007
-0.843216047181376,"a",2007
1.43512874262739,"a",2007
-0.977376748638874,"a",2007
0.283812105970106,"a",2007
0.312919403458859,"a",2007
1.52153985940757,"a",2007
-0.812133727248253,"a",2007
0.051060062193872,"a",2007
-0.488129438847273,"a",2007
-1.33949671949949,"a",2007
-0.935759787148832,"a",2007
-0.874912261575764,"a",2007
-0.832404217116367,"a",2007
-0.213056632540335,"a",2007
-0.148486001349966,"a",2007
-0.075830456184338,"a",2007
-0.622058351431822,"a",2007
0.453513837844088,"a",2007
1.1347752001438,"a",2007
-1.28924386007341,"a",2007
0.137448527951058,"a",2007
-0.164076238697848,"a",2007
-0.0187064791585083,"a",2007
-0.214808995802467,"a",2007
1.04961835618881,"a",2007
-1.78140148959061,"a",2007
-0.231624274801336,"a",2007
0.585334071069629,"a",2007
-0.377512595578079,"a",2007
-0.23053823886158,"a",2007
-0.922248071805758,"a",2007
-0.604722476749972,"a",2007
0.0642999097508789,"a",2007
-0.658668650512465,"a",2007
-1.05431768446357,"a",2007
-1.53297740769771,"a",2007
0.406597647058725,"a",2007
0.351893176000245,"a",2007
-1.73077161998235,"a",2007
-0.188787487707429,"a",2007
-1.39980045820974,"a",2007
0.176797450702696,"a",2007
0.45284804748212,"a",2007
-0.853308074312363,"a",2007
0.927235537733399,"a",2007
0.0281387795127144,"a",2007
0.355998281972547,"a",2007
1.2735139019278,"a",2007
-0.412535514799906,"a",2007
-0.310894123332722,"a",2007
0.675603609119909,"a",2007
0.85146402085391,"a",2007
0.27203534818749,"a",2007
0.0415970246209602,"a",2007
-0.168975788829985,"a",2007
1.58833186364889,"a",2007
1.39681851713682,"a",2007
-1.04585395394354,"a",2007
0.116828985723749,"a",2007
0.105627569292952,"a",2007
-0.0680292333109252,"a",2007
-0.315498488862788,"a",2007
0.483263395608939,"a",2007
0.512212941323002,"a",2007
-0.948130671347777,"a",2007
0.769933744518087,"a",2007
0.309143208179424,"a",2007
0.305915466286798,"a",2007
-0.251582897250923,"a",2007
0.118933932872746,"a",2007
-1.52972671702058,"a",2007
0.5253109118915,"a",2007
0.864481723143057,"a",2007
-0.0714244278783087,"a",2007
0.167393804081031,"a",2007
0.394576906268911,"a",2007
-0.529635778161571,"a",2007
-0.87611396306851,"a",2007
-1.18464588457791,"a",2007
-0.589205082381583,"a",2007
0.180912463954528,"a",2007
0.14567438780584,"a",2007
0.755681478581807,"a",2007
0.0277737773282606,"a",2008
0.144705488339872,"a",2008
-0.237564377306518,"a",2008
-0.742848058234538,"a",2008
0.260905598625214,"a",2008
0.429427144905415,"a",2008
1.56498749169822,"a",2008
1.49764928127945,"a",2008
-0.735300315178251,"a",2008
0.253423045269848,"a",2008
-0.816298159670332,"a",2008
1.22654969181861,"a",2008
0.63448636466062,"a",2008
0.643104970594858,"a",2008
-0.831522767058475,"a",2008
0.236540121497751,"a",2008
-0.0522003471774552,"a",2008
0.916528630152632,"a",2008
-0.369646117874659,"a",2008
0.264991720267756,"a",2008
-0.43885937509959,"a",2008
-1.15910817194557,"a",2008
-0.264056236444659,"a",2008
-0.499405318597746,"a",2008
0.824626035634075,"a",2008
-0.532473663936229,"a",2008
-0.380586083049859,"a",2008
-1.17563295864031,"a",2008
-2.76608509992879,"a",2008
-0.251807006013961,"a",2008
1.66618935634074,"a",2008
-0.0880591825401264,"a",2008
-1.24708723117431,"a",2008
0.419411324722489,"a",2008
2.03751818029119,"a",2008
-1.44145175911153,"a",2008
1.94525308869588,"a",2008
-1.40917018373548,"a",2008
-0.155258793930334,"a",2008
-0.497006992322277,"a",2008
1.00382656060215,"a",2008
-0.5109301961095,"a",2008
0.127355940327176,"a",2008
0.239050867850135,"a",2008
0.162167074391946,"a",2008
0.364840089258136,"a",2008
-0.550850540760611,"a",2008
-0.594389565671837,"a",2008
-0.889360820702206,"a",2008
-1.16274989009123,"a",2008
-0.460774119343181,"a",2008
0.121650037441516,"a",2008
1.62089007856492,"a",2008
-0.0311224117580291,"a",2008
-0.279156118830204,"a",2008
-1.28695101726452,"a",2008
1.21359120155132,"a",2008
-0.247989688010855,"a",2008
-0.473628685483107,"a",2008
-1.18198948479498,"a",2008
-1.21089664711863,"a",2008
1.41073414705462,"a",2008
-0.691545067372904,"a",2008
0.995946074579261,"a",2008
0.767395224029981,"a",2008
0.507057800443686,"a",2008
-0.121106582928508,"a",2008
0.932526966371414,"a",2008
-1.47971913494515,"a",2008
-1.37116443244933,"a",2008
0.439347516199436,"a",2008
0.453040961375937,"a",2008
-0.281335101115636,"a",2008
-1.29505166801752,"a",2008
-0.966489630651524,"a",2008
-0.515450721226044,"a",2008
1.16651883111341,"a",2008
1.04524726142961,"a",2008
-0.790664927463106,"a",2008
-0.196895831183498,"a",2008
0.661122033845145,"a",2008
-3.12633725536277,"a",2008
-1.350073071204,"a",2008
-1.57067814340508,"a",2008
1.87019982091401,"a",2008
-1.42627868377709,"a",2008
0.537149717326747,"a",2008
0.0486195858993556,"a",2008
-0.266021595034429,"a",2008
-1.52116439158314,"a",2008
-0.62145355052132,"a",2008
-0.413309127610222,"a",2008
-0.0670096589099768,"a",2008
-0.187796557923129,"a",2008
-0.182381760719256,"a",2008
-0.282883812204051,"a",2008
-0.242707660589089,"a",2008
-1.29694840077246,"a",2008
0.504440095100473,"a",2008
0.431198206392467,"a",2008
-1.45973606603282,"a",2009
0.301499102627661,"a",2009
0.306459501195574,"a",2009
0.3734141553098,"a",2009
-0.240935361719603,"a",2009
0.909535923816785,"a",2009
0.718611185458862,"a",2009
-0.0538369266366969,"a",2009
2.15305438918141,"a",2009
0.958050322501568,"a",2009
-0.509290001946834,"a",2009
-0.567622510641306,"a",2009
1.50029980090041,"a",2009
-0.771761387895712,"a",2009
0.155532470316294,"a",2009
-0.0415210912715856,"a",2009
-0.251836044196307,"a",2009
1.11917801363158,"a",2009
0.556302343694588,"a",2009
-0.068090583701055,"a",2009
1.03097997427639,"a",2009
0.264188246880342,"a",2009
0.26323313107329,"a",2009
-0.0637947475265203,"a",2009
0.206351722741228,"a",2009
0.424853330428284,"a",2009
-0.734330202871955,"a",2009
0.353575934887986,"a",2009
-0.618447726554261,"a",2009
0.488580963341309,"a",2009
0.730603495598745,"a",2009
-0.794361834232791,"a",2009
-0.568435782741688,"a",2009
0.778598104205667,"a",2009
-0.156846818368193,"a",2009
-1.81059190083355,"a",2009
-1.90281490112947,"a",2009
2.33700230533656,"a",2009
-0.461896922631811,"a",2009
0.547213220776952,"a",2009
0.424586597486192,"a",2009
-1.21873267938438,"a",2009
-0.450814902248466,"a",2009
-0.921365841561038,"a",2009
-0.759222390936618,"a",2009
0.170040375795359,"a",2009
0.411604922216656,"a",2009
-1.75167735386702,"a",2009
0.593160412499759,"a",2009
-0.0337576630636299,"a",2009
-0.641647322844946,"a",2009
0.276056095948532,"a",2009
-0.23519299683451,"a",2009
-0.832866105281167,"a",2009
0.395888733426926,"a",2009
-0.610732486409056,"a",2009
-2.08365835757822,"a",2009
0.729776257692283,"a",2009
-1.71726386519034,"a",2009
0.287532378088921,"a",2009
-0.351659671270507,"a",2009
0.740497257459944,"a",2009
-1.03204398706021,"a",2009
0.561915798556893,"a",2009
1.3012976406801,"a",2009
0.474705440217097,"a",2009
-0.646897680078973,"a",2009
-0.104515928066243,"a",2009
0.705186120466464,"a",2009
2.26549293957927,"a",2009
0.286845560439544,"a",2009
0.295080546166277,"a",2009
1.41146460700959,"a",2009
-1.06011663250737,"a",2009
-1.68830392993212,"a",2009
-0.26829494690566,"a",2009
-0.586185558135709,"a",2009
-0.325451596552554,"a",2009
-2.34858209415369,"a",2009
-1.22146439597966,"a",2009
2.11049444246755,"a",2009
-0.315956776441677,"a",2009
-0.0565177067610501,"a",2009
1.42860859162545,"a",2009
1.15524482815696,"a",2009
0.570964013609086,"a",2009
0.409604901088043,"a",2009
0.193476881867247,"a",2009
0.647272865887272,"a",2009
-1.3801425463556,"a",2009
1.00195460303612,"a",2009
-0.56927067901856,"a",2009
1.48162269110778,"a",2009
0.667906060698113,"a",2009
0.82305491769527,"a",2009
0.446273163348723,"a",2009
1.53702211925097,"a",2009
-0.2533980580628,"a",2009
0.461022766542025,"a",2009
-0.999959993437846,"a",2009
0.0573901512068746,"a",2010
-0.0877257023676464,"a",2010
-0.454781837948605,"a",2010
1.45654645919367,"a",2010
1.61883970043734,"a",2010
-0.928905353689972,"a",2010
-0.310674659396673,"a",2010
1.00902853250075,"a",2010
-0.127679301038085,"a",2010
-0.199335678120185,"a",2010
0.625659305836271,"a",2010
1.08018712404559,"a",2010
-0.46242085268093,"a",2010
1.65814526975629,"a",2010
0.700314074110231,"a",2010
-0.467356743804601,"a",2010
-0.185913426734877,"a",2010
0.91597445356878,"a",2010
1.01841854545567,"a",2010
-1.80634179122405,"a",2010
-1.12909930442111,"a",2010
-1.66111590804562,"a",2010
-0.184286475743005,"a",2010
-0.746136460949364,"a",2010
1.14435093187724,"a",2010
1.42898070687233,"a",2010
1.66338500820405,"a",2010
-1.81725380545853,"a",2010
0.0729272689684406,"a",2010
-1.57120443120447,"a",2010
0.557589097443067,"a",2010
1.28723986183483,"a",2010
0.249122281330722,"a",2010
-0.164619536455239,"a",2010
0.37593032332565,"a",2010
-0.795117587763548,"a",2010
-0.137800929733305,"a",2010
1.88560944553046,"a",2010
-0.934814477876768,"a",2010
1.26122751202516,"a",2010
-1.41431078108455,"a",2010
-0.156979154196829,"a",2010
-0.3156018612983,"a",2010
0.679700673274977,"a",2010
-0.515133819659668,"a",2010
1.24719131721443,"a",2010
-0.314646516836174,"a",2010
-1.57180403556226,"a",2010
-1.26594149641929,"a",2010
2.14420594228033,"a",2010
0.151614886788511,"a",2010
0.737627453434734,"a",2010
2.16849377749542,"a",2010
-0.315626927224075,"a",2010
0.242388611930577,"a",2010
0.858476283727962,"a",2010
-1.68829738684271,"a",2010
-0.908179960328401,"a",2010
1.52012038441352,"a",2010
-0.311665019266125,"a",2010
1.13073595116948,"a",2010
-1.29906450122593,"a",2010
0.636805499368148,"a",2010
0.240755749368654,"a",2010
2.15752474248753,"a",2010
1.91951325355953,"a",2010
0.894498077628106,"a",2010
0.818826353705481,"a",2010
-0.0408471905190615,"a",2010
0.683770623222954,"a",2010
-1.32029922281639,"a",2010
-1.8213365235324,"a",2010
1.53499112750139,"a",2010
-0.569532390524762,"a",2010
-1.03928839310685,"a",2010
1.03367865674845,"a",2010
0.408282309790019,"a",2010
1.40024589133753,"a",2010
-0.541398989448631,"a",2010
0.717427725215501,"a",2010
0.0911611433361457,"a",2010
-0.0140877034395557,"a",2010
-1.01555115057266,"a",2010
-0.65473791115727,"a",2010
-1.48727385043753,"a",2010
3.17848928192999,"a",2010
-1.55377707378046,"a",2010
-1.15492645299432,"a",2010
0.065042317502296,"a",2010
-0.749742117830888,"a",2010
1.02293685936462,"a",2010
0.372746709336929,"a",2010
0.742245141643024,"a",2010
-0.076994708519396,"a",2010
0.245339355111299,"a",2010
-0.253886873065219,"a",2010
1.31737938491007,"a",2010
-1.10403946571589,"a",2010
0.0294510933990909,"a",2010
-0.834312855278951,"a",2010
1.00319581332639,"b",2001
-1.59747067198796,"b",2001
0.405515420170594,"b",2001
1.51454241130906,"b",2001
0.42059954935104,"b",2001
0.244871062955999,"b",2001
1.28095054419579,"b",2001
1.70741265849372,"b",2001
-0.407852659628467,"b",2001
-0.90320784568114,"b",2001
0.428618590499414,"b",2001
1.54739210062907,"b",2001
0.233232179884969,"b",2001
1.45795200493075,"b",2001
-0.482806096754553,"b",2001
-0.31053528160856,"b",2001
-1.7816639541806,"b",2001
2.07935272083815,"b",2001
-0.472165435214201,"b",2001
-0.528974716047247,"b",2001
-0.104412458241648,"b",2001
1.22877074688592,"b",2001
0.0493692683258337,"b",2001
0.230608783122882,"b",2001
1.17362163239708,"b",2001
-0.116631691003852,"b",2001
1.21324714190571,"b",2001
0.218043837540202,"b",2001
1.32216413491563,"b",2001
-0.630552444013292,"b",2001
-0.230051547390874,"b",2001
1.59575807017862,"b",2001
2.38730665710539,"b",2001
-0.37418056451546,"b",2001
1.95835744288251,"b",2001
2.75969584724276,"b",2001
-0.995294380421224,"b",2001
-0.362014019110745,"b",2001
0.256121637392002,"b",2001
1.9449739755708,"b",2001
0.508146831618574,"b",2001
0.0268579501857896,"b",2001
1.58093861036147,"b",2001
-0.839520804635377,"b",2001
0.448658223183216,"b",2001
0.817765555165783,"b",2001
1.83818632699403,"b",2001
0.410202830137698,"b",2001
0.163999924941645,"b",2001
0.471918858135818,"b",2001
1.02908031365483,"b",2001
1.72430795340343,"b",2001
1.25584240064738,"b",2001
0.0342130979956545,"b",2001
-1.26632105547138,"b",2001
0.525299100956044,"b",2001
0.722579604574569,"b",2001
-0.91861801524378,"b",2001
0.254918373253505,"b",2001
0.0320286016295956,"b",2001
1.6533099339711,"b",2001
1.0692905254973,"b",2001
1.31312355389689,"b",2001
1.9424138739242,"b",2001
1.50217152451073,"b",2001
-1.48826014058337,"b",2001
0.863550219427454,"b",2001
-0.206626186972582,"b",2001
0.827060265992002,"b",2001
2.33021268948591,"b",2001
-0.0461405690424455,"b",2001
0.695454679799926,"b",2001
1.22502320050313,"b",2001
0.730988517222347,"b",2001
0.11845879023277,"b",2001
0.748263240623375,"b",2001
-0.185207233098008,"b",2001
-0.575794525277091,"b",2001
-0.836058420151603,"b",2001
1.42018908934279,"b",2001
0.610653702897258,"b",2001
-0.172617312885972,"b",2001
0.718616264111818,"b",2001
0.625513453115575,"b",2001
2.12975641101744,"b",2001
1.0958725589448,"b",2001
2.86202282194684,"b",2001
1.0744084053525,"b",2001
2.1877165105041,"b",2001
0.0696317312693184,"b",2001
-0.754292259975526,"b",2001
-1.2285124519146,"b",2001
1.9215456684492,"b",2001
2.22380537594262,"b",2001
0.733168323016641,"b",2001
-0.227001018143893,"b",2001
0.902264952436963,"b",2001
1.08596178299717,"b",2001
-0.044374179905052,"b",2001
-0.590949667159281,"b",2001
0.246362696888084,"b",2002
1.57009791912472,"b",2002
0.210780721743715,"b",2002
0.196924175585761,"b",2002
-0.0639927719919842,"b",2002
0.362860397141603,"b",2002
2.10721245296224,"b",2002
0.790769850238832,"b",2002
0.636466084870609,"b",2002
0.818350692478153,"b",2002
1.48043038265891,"b",2002
-0.00317051087534703,"b",2002
1.53427932705312,"b",2002
1.18290891422347,"b",2002
0.918647469274227,"b",2002
1.1384163564404,"b",2002
1.58889905463506,"b",2002
-0.0739409797129049,"b",2002
1.45762678917704,"b",2002
1.05431101020297,"b",2002
1.15847019297992,"b",2002
0.186657067104753,"b",2002
1.03569847081476,"b",2002
1.96158272381332,"b",2002
-0.457609800017335,"b",2002
0.221374751808413,"b",2002
-0.306628326899465,"b",2002
-0.137474397422417,"b",2002
0.342330525609963,"b",2002
0.876362510967987,"b",2002
0.410529328033609,"b",2002
1.31586646631854,"b",2002
0.518148705860425,"b",2002
1.20359630749665,"b",2002
0.316917251662858,"b",2002
-0.375278572239375,"b",2002
2.9553358883371,"b",2002
1.97087547167979,"b",2002
0.371272616663824,"b",2002
-0.906844673905326,"b",2002
1.43027969926962,"b",2002
2.04751073690678,"b",2002
1.90757767469965,"b",2002
0.974222895661063,"b",2002
0.895842028400345,"b",2002
0.275470876432358,"b",2002
-0.622902377867849,"b",2002
0.637458676368515,"b",2002
1.36316134253455,"b",2002
0.687330137620963,"b",2002
0.281540412261833,"b",2002
1.01847632082937,"b",2002
2.5608785746115,"b",2002
1.35897073277265,"b",2002
1.3909250786151,"b",2002
0.263911914572332,"b",2002
0.356874811702188,"b",2002
0.0222351425650765,"b",2002
-0.924793187202431,"b",2002
-0.424974927491343,"b",2002
1.76059691101895,"b",2002
0.737360751909698,"b",2002
0.975037827988954,"b",2002
2.46739797311283,"b",2002
1.9554758404115,"b",2002
-0.664447024225058,"b",2002
2.39007003168009,"b",2002
0.546404984374705,"b",2002
-0.0265715597388583,"b",2002
4.05834395978086,"b",2002
-1.18025886406638,"b",2002
1.15477302960454,"b",2002
1.67677697126468,"b",2002
-0.0270637908282043,"b",2002
1.28271686041698,"b",2002
-0.693157048270102,"b",2002
1.37197277873119,"b",2002
2.33643652337677,"b",2002
0.702558483833425,"b",2002
0.755278630688906,"b",2002
0.586362321197055,"b",2002
1.60737646643977,"b",2002
1.69685904672089,"b",2002
0.588665668948325,"b",2002
-1.1474977270024,"b",2002
2.40632627376014,"b",2002
2.06877313516691,"b",2002
1.14838359166383,"b",2002
0.435960466337087,"b",2002
-1.34613928398795,"b",2002
-0.364198968887079,"b",2002
1.95699806888606,"b",2002
-0.767739843181533,"b",2002
1.22432050738771,"b",2002
1.78077149721322,"b",2002
1.61702228729531,"b",2002
2.84852941100212,"b",2002
0.416049467884697,"b",2002
0.8376727467839,"b",2002
1.52277817503632,"b",2002
2.6731487887853,"b",2003
0.987071445381509,"b",2003
1.49986242867864,"b",2003
0.860872674857858,"b",2003
1.67849715050385,"b",2003
1.9974582189167,"b",2003
1.336607130287,"b",2003
1.91479437360959,"b",2003
0.922627215049947,"b",2003
-0.546674448207414,"b",2003
-0.0485871311195276,"b",2003
3.29963146692588,"b",2003
2.80944017885248,"b",2003
-0.202862636137706,"b",2003
2.33618670428393,"b",2003
2.17959514747124,"b",2003
1.15215280315936,"b",2003
0.690632781755139,"b",2003
0.421676075495684,"b",2003
2.03426778609473,"b",2003
-0.804100543090621,"b",2003
2.28397757823265,"b",2003
0.695525323998304,"b",2003
2.53579906282525,"b",2003
3.0908332063773,"b",2003
0.771559372080696,"b",2003
2.23430495106159,"b",2003
1.65436694549096,"b",2003
0.175419473837711,"b",2003
1.11366501560831,"b",2003
0.444344189744496,"b",2003
1.45713716943596,"b",2003
2.76843173713222,"b",2003
1.44645985377377,"b",2003
1.43829930769364,"b",2003
1.86715259616232,"b",2003
2.59537210892865,"b",2003
0.0702234466847174,"b",2003
0.995008442106268,"b",2003
-0.731194435653639,"b",2003
2.28612620657278,"b",2003
0.432348121196231,"b",2003
0.862061312255755,"b",2003
3.08507214905885,"b",2003
0.0561073871021018,"b",2003
0.677658256903132,"b",2003
1.1447711789089,"b",2003
0.959596638026522,"b",2003
1.23369456897514,"b",2003
1.67219010025644,"b",2003
2.19978355721843,"b",2003
2.22189931021328,"b",2003
-1.08515946969759,"b",2003
1.41347147705692,"b",2003
1.14068714338038,"b",2003
0.476446573509154,"b",2003
1.07375217229348,"b",2003
2.25280313308748,"b",2003
2.37631459889301,"b",2003
1.57715364267426,"b",2003
0.442785421839649,"b",2003
1.24082446383838,"b",2003
1.59737807064689,"b",2003
1.34711999836847,"b",2003
0.953380762569165,"b",2003
2.06574994905253,"b",2003
3.77135738317937,"b",2003
0.692117149442933,"b",2003
4.25113513899181,"b",2003
1.07178426744655,"b",2003
1.01174664619083,"b",2003
0.893043588720438,"b",2003
2.22696545456188,"b",2003
-0.810518345304294,"b",2003
1.50887154867682,"b",2003
0.718883741694467,"b",2003
3.26929570864634,"b",2003
1.74472666914515,"b",2003
0.637621486037783,"b",2003
1.12034993203592,"b",2003
1.56093647818301,"b",2003
0.711698484098209,"b",2003
0.97339104462445,"b",2003
2.16748383194584,"b",2003
2.62038058727414,"b",2003
2.7243488231696,"b",2003
3.07004432958644,"b",2003
1.76034498396314,"b",2003
3.05197248033522,"b",2003
-0.998878812667183,"b",2003
4.62877176920555,"b",2003
1.38483069879637,"b",2003
3.41544922687215,"b",2003
2.44610853766896,"b",2003
2.1918382182806,"b",2003
2.60547714940451,"b",2003
2.69818202300961,"b",2003
2.14948702905017,"b",2003
2.42019966127772,"b",2003
-0.520480045303651,"b",2003
3.07120435439418,"b",2004
0.246260736554771,"b",2004
2.27568155985666,"b",2004
3.31642205984195,"b",2004
3.17014775965846,"b",2004
1.45824529282307,"b",2004
2.68341074329468,"b",2004
2.07901481333662,"b",2004
2.19155130412424,"b",2004
2.15989002162214,"b",2004
1.79324483290499,"b",2004
3.2780306711156,"b",2004
2.21721568162359,"b",2004
2.86191176672399,"b",2004
2.10176768601635,"b",2004
1.22310010386038,"b",2004
2.8592533786541,"b",2004
0.0779150092488787,"b",2004
2.31846764255575,"b",2004
2.48225597742172,"b",2004
3.8106138439587,"b",2004
2.80520085649758,"b",2004
1.97309536364731,"b",2004
0.922119551089156,"b",2004
1.61873306469307,"b",2004
1.21376561292275,"b",2004
4.30961622202911,"b",2004
-0.479893178527344,"b",2004
2.33716934101256,"b",2004
4.04770120361367,"b",2004
2.65786440733968,"b",2004
1.74095219263287,"b",2004
1.38658543923261,"b",2004
0.684656260672306,"b",2004
2.67933519911448,"b",2004
1.65378443036155,"b",2004
1.74194396243827,"b",2004
4.77824543152634,"b",2004
1.45135422952823,"b",2004
1.75405219560408,"b",2004
-0.661449641062746,"b",2004
1.92658365753858,"b",2004
2.59324994351318,"b",2004
1.0426438997832,"b",2004
3.40229910580271,"b",2004
3.08168141279582,"b",2004
0.415596687329798,"b",2004
0.845145279205928,"b",2004
2.98190375178121,"b",2004
1.93465313064215,"b",2004
2.8604694672102,"b",2004
1.54569269138797,"b",2004
0.494128449081893,"b",2004
2.32335287251499,"b",2004
0.451171005604487,"b",2004
2.42580851885535,"b",2004
3.52254102456902,"b",2004
2.30392730995478,"b",2004
2.36968914500653,"b",2004
2.55724724063904,"b",2004
1.07350319503033,"b",2004
3.04103947029836,"b",2004
4.11506553693887,"b",2004
0.688460443661549,"b",2004
2.30175957044719,"b",2004
2.92444863390761,"b",2004
3.5772372169976,"b",2004
2.01483856721981,"b",2004
3.22303344847271,"b",2004
-0.117574318884336,"b",2004
3.20696521659694,"b",2004
2.66235240398918,"b",2004
1.95573701494771,"b",2004
1.74105516067635,"b",2004
2.68658984649502,"b",2004
3.23244828541912,"b",2004
0.96543020429651,"b",2004
1.66745938907864,"b",2004
1.84658039645261,"b",2004
2.32433954310737,"b",2004
2.87346792618952,"b",2004
0.921083439655313,"b",2004
3.61169992227815,"b",2004
2.40548548767636,"b",2004
1.85692155215144,"b",2004
3.14082771952394,"b",2004
3.00530049981121,"b",2004
1.916035593924,"b",2004
3.33488560815381,"b",2004
2.00203984929322,"b",2004
1.18083211935144,"b",2004
2.93127314473422,"b",2004
2.18584548379901,"b",2004
0.688117200999959,"b",2004
3.06569140177438,"b",2004
1.96559239886981,"b",2004
3.01782346036601,"b",2004
0.318734762460405,"b",2004
1.93221281843898,"b",2004
1.07988010956402,"b",2004
1.57616597937748,"b",2005
4.49971933855773,"b",2005
3.65467613745445,"b",2005
0.49151136314382,"b",2005
3.08398114702446,"b",2005
0.921179798083468,"b",2005
2.08071523413157,"b",2005
3.20538356736789,"b",2005
2.34360607220433,"b",2005
2.62903982978701,"b",2005
4.07954636591282,"b",2005
3.78674591586063,"b",2005
1.98891120633659,"b",2005
2.76215312550379,"b",2005
3.36516197927722,"b",2005
1.58152961225696,"b",2005
1.71782081309025,"b",2005
1.00866781356878,"b",2005
3.52294339848831,"b",2005
3.0938905516958,"b",2005
1.9962115173834,"b",2005
2.72444284043858,"b",2005
2.09476590774067,"b",2005
3.55827154398766,"b",2005
2.61778095396231,"b",2005
2.61520033447968,"b",2005
2.42650528639164,"b",2005
3.7133684749506,"b",2005
2.13805867127133,"b",2005
3.2347107546227,"b",2005
3.09372909359384,"b",2005
3.8519311047518,"b",2005
0.970114226105344,"b",2005
3.5228241558758,"b",2005
2.12868732483983,"b",2005
1.93658142330474,"b",2005
2.98126814596554,"b",2005
1.27345154525832,"b",2005
2.75258985799581,"b",2005
2.70293408791599,"b",2005
1.22043122300794,"b",2005
2.43123734232578,"b",2005
1.82632012374899,"b",2005
2.6607611136961,"b",2005
1.68837839541798,"b",2005
1.88519531738528,"b",2005
2.5161008950536,"b",2005
0.835819606390373,"b",2005
3.01875351756711,"b",2005
1.93019697867352,"b",2005
3.4130965563266,"b",2005
0.615601587471082,"b",2005
1.79043054444894,"b",2005
2.59799388143146,"b",2005
3.87924946466707,"b",2005
2.16747372729994,"b",2005
3.09122179157509,"b",2005
3.24466509981112,"b",2005
3.13798736183653,"b",2005
2.96792852165644,"b",2005
4.02227351873699,"b",2005
4.69138530053405,"b",2005
3.25646120263513,"b",2005
3.54849163580756,"b",2005
2.72017199488104,"b",2005
2.36064910378568,"b",2005
2.84180470508012,"b",2005
4.46420875190739,"b",2005
2.56071690115679,"b",2005
3.07447044768947,"b",2005
0.361648402405379,"b",2005
4.48061358170823,"b",2005
3.22641845243363,"b",2005
3.42797237918187,"b",2005
2.0559722797607,"b",2005
3.44492603865891,"b",2005
1.43867139552359,"b",2005
3.1308048630918,"b",2005
2.41918991420371,"b",2005
3.90582233165784,"b",2005
3.14661330899079,"b",2005
2.63125521073121,"b",2005
2.0200633380378,"b",2005
1.09275768980762,"b",2005
2.24503034851547,"b",2005
2.74207290478016,"b",2005
3.38649238290897,"b",2005
4.17014262635259,"b",2005
1.40350456182103,"b",2005
2.5536049808872,"b",2005
0.979283012355513,"b",2005
4.6272108106145,"b",2005
-0.147565720195987,"b",2005
2.11634666214418,"b",2005
1.77808995168791,"b",2005
2.21336569556022,"b",2005
2.17694570550172,"b",2005
1.68355423659019,"b",2005
2.60779336892771,"b",2005
3.37325371651299,"b",2005
3.04467188680342,"b",2006
3.56829128598324,"b",2006
2.38577506916355,"b",2006
3.56752085943989,"b",2006
3.18072176178547,"b",2006
-0.274725782098128,"b",2006
0.649296167719661,"b",2006
0.997288798692268,"b",2006
3.97468286440646,"b",2006
3.23300332996951,"b",2006
4.22414310385772,"b",2006
2.2523306568384,"b",2006
3.80350123204288,"b",2006
4.58343490041554,"b",2006
1.60738089717733,"b",2006
1.86088088857277,"b",2006
1.43539823163084,"b",2006
1.87251880430515,"b",2006
4.67989988056872,"b",2006
0.995708415512368,"b",2006
3.36451158646892,"b",2006
0.924342057265674,"b",2006
3.39019689763727,"b",2006
1.8305539677617,"b",2006
2.99036197299753,"b",2006
3.14542091842894,"b",2006
4.19638393966605,"b",2006
1.95970517542098,"b",2006
2.91919704284207,"b",2006
2.41141425110591,"b",2006
2.78400144477866,"b",2006
3.08362800532413,"b",2006
0.51815679499515,"b",2006
3.09529009741748,"b",2006
4.61216218943337,"b",2006
3.23896118522998,"b",2006
3.83970439399189,"b",2006
1.91538093092821,"b",2006
1.84737048235592,"b",2006
0.95372932167297,"b",2006
0.930890433829988,"b",2006
3.67683640493348,"b",2006
1.67206385351133,"b",2006
3.45411991131624,"b",2006
3.68502054635281,"b",2006
1.82901620172846,"b",2006
2.17885996710702,"b",2006
1.73520377365511,"b",2006
1.95082728146084,"b",2006
3.29275434918373,"b",2006
2.95152344419032,"b",2006
4.59323665876186,"b",2006
3.70916726210542,"b",2006
4.36704470006789,"b",2006
2.36279112123983,"b",2006
3.72649874732411,"b",2006
2.27824340265465,"b",2006
1.76686941063102,"b",2006
3.37850779188989,"b",2006
1.49731623332518,"b",2006
2.57196649934532,"b",2006
3.63997036454076,"b",2006
2.74585423215828,"b",2006
3.54484580148419,"b",2006
1.41058347877393,"b",2006
4.07253166481527,"b",2006
3.79068449923272,"b",2006
2.92789651762574,"b",2006
1.88534260284802,"b",2006
2.82963057975895,"b",2006
2.85030122119476,"b",2006
2.65163441962363,"b",2006
1.39515876355205,"b",2006
4.07951283669029,"b",2006
3.48352992359531,"b",2006
3.54835850890245,"b",2006
1.94124595324092,"b",2006
3.40808988427256,"b",2006
2.72488073521826,"b",2006
2.53881531754064,"b",2006
2.99133411898232,"b",2006
1.24352885466701,"b",2006
1.83558458118083,"b",2006
3.93320707762059,"b",2006
2.25431132353724,"b",2006
2.90402170203814,"b",2006
3.14779443469172,"b",2006
3.62949618252157,"b",2006
2.17929044390372,"b",2006
3.16013618630375,"b",2006
2.61529960518749,"b",2006
4.33891857489866,"b",2006
2.65384767312787,"b",2006
3.02284596073643,"b",2006
1.25510138102399,"b",2006
3.10588415935816,"b",2006
1.22066918156684,"b",2006
4.3610811305649,"b",2006
4.05206048475978,"b",2006
4.15452322768418,"b",2006
2.58826159475579,"b",2007
2.37990769329798,"b",2007
5.24863924791232,"b",2007
2.9817837155875,"b",2007
1.16766893350937,"b",2007
2.93528975269484,"b",2007
3.60785996948689,"b",2007
3.40752696845176,"b",2007
4.34176664878956,"b",2007
1.97152369420727,"b",2007
2.51629233675572,"b",2007
3.60260861493047,"b",2007
5.13078783023288,"b",2007
3.88179679328955,"b",2007
2.92572674104399,"b",2007
3.62010325927423,"b",2007
3.98699917311374,"b",2007
3.01802871861663,"b",2007
4.37043105452286,"b",2007
4.3798038850696,"b",2007
4.87459853000102,"b",2007
2.87839579214676,"b",2007
3.78081544471641,"b",2007
2.08795745797271,"b",2007
6.11439763396677,"b",2007
2.47885264372942,"b",2007
4.40654977726152,"b",2007
3.23424297750256,"b",2007
3.12533993929626,"b",2007
2.77585198819355,"b",2007
3.7609683545609,"b",2007
4.41160924997403,"b",2007
2.94162764645691,"b",2007
1.62690689360891,"b",2007
3.39278113066523,"b",2007
2.66833625493403,"b",2007
3.8037602006317,"b",2007
3.55753379717393,"b",2007
2.35585474871415,"b",2007
2.31277860048213,"b",2007
3.59949443212971,"b",2007
5.22672857225051,"b",2007
4.99284392294287,"b",2007
2.69945095653551,"b",2007
2.33526397318247,"b",2007
3.12345530985111,"b",2007
2.70579211720588,"b",2007
1.94917282043451,"b",2007
2.93445592426125,"b",2007
4.08375852754989,"b",2007
1.60878082859337,"b",2007
3.78051101239928,"b",2007
3.49878157077753,"b",2007
1.43739211469174,"b",2007
4.05979320523587,"b",2007
2.57429477381983,"b",2007
1.42359513903435,"b",2007
4.57273406819358,"b",2007
2.66475874577298,"b",2007
5.66243134523932,"b",2007
2.89357197477498,"b",2007
2.80498434156338,"b",2007
4.63961921666317,"b",2007
3.71586797507396,"b",2007
3.58607994029488,"b",2007
3.56444785720697,"b",2007
3.88581998835303,"b",2007
2.42212320713108,"b",2007
3.18168477294693,"b",2007
3.80539447306302,"b",2007
3.69016393448409,"b",2007
3.12652119248535,"b",2007
3.47125021762508,"b",2007
2.48109983749902,"b",2007
3.68016148918825,"b",2007
5.4647131777949,"b",2007
3.42829108586783,"b",2007
3.40563856621537,"b",2007
3.75138386752324,"b",2007
4.06176621182383,"b",2007
1.46695110513693,"b",2007
1.9940107654865,"b",2007
2.02613352201086,"b",2007
4.1697415932481,"b",2007
4.65299647087347,"b",2007
4.7329807080375,"b",2007
3.84936012328506,"b",2007
1.12857707160763,"b",2007
3.49973311587031,"b",2007
2.33961739610591,"b",2007
4.4891515325837,"b",2007
4.93576889187546,"b",2007
3.62265356587209,"b",2007
2.2526982517617,"b",2007
2.74498921642075,"b",2007
2.60025618780932,"b",2007
4.86692752414388,"b",2007
3.33507957853381,"b",2007
4.28327586104859,"b",2007
4.62254506838344,"b",2007
4.56293881385894,"b",2008
3.57998954729589,"b",2008
3.35292104689072,"b",2008
4.07518369943682,"b",2008
5.94562907808029,"b",2008
3.05229821129946,"b",2008
6.3190402158657,"b",2008
3.99035210775696,"b",2008
2.85888149230492,"b",2008
3.71189110025952,"b",2008
3.86701483113866,"b",2008
4.84548535118944,"b",2008
4.36985010328685,"b",2008
3.73906335074265,"b",2008
3.87694184824533,"b",2008
4.16971335972981,"b",2008
4.78925680080435,"b",2008
5.96865213504576,"b",2008
3.34496688749624,"b",2008
4.42135246185047,"b",2008
4.56248170441203,"b",2008
3.39352051077981,"b",2008
5.39139341182056,"b",2008
3.62736926122816,"b",2008
4.32848117459133,"b",2008
4.89926729627875,"b",2008
5.24668389751881,"b",2008
5.53657622213191,"b",2008
4.46110340687877,"b",2008
4.31464686269062,"b",2008
1.68989183153484,"b",2008
5.67469876825725,"b",2008
5.08411743759588,"b",2008
5.05686574308177,"b",2008
4.17214237922025,"b",2008
4.10827098655939,"b",2008
4.20067179979762,"b",2008
3.18914221681036,"b",2008
5.27374872370615,"b",2008
5.11001434086661,"b",2008
3.71901899887581,"b",2008
3.61973744931146,"b",2008
3.80352189868506,"b",2008
5.40448062721728,"b",2008
3.66445621338765,"b",2008
3.87792032996461,"b",2008
3.1546303153823,"b",2008
3.60665496238229,"b",2008
5.11970875573138,"b",2008
3.65810232565493,"b",2008
4.07626081551277,"b",2008
5.0129384625626,"b",2008
2.79521356068764,"b",2008
3.16714270619805,"b",2008
5.23099762065948,"b",2008
4.56957579665899,"b",2008
4.88800765687665,"b",2008
6.49371076285425,"b",2008
4.71151717571028,"b",2008
3.81084598582969,"b",2008
3.41225668772404,"b",2008
3.91041395702969,"b",2008
4.91576302258398,"b",2008
4.55519596969865,"b",2008
3.48814488610868,"b",2008
4.39110732814837,"b",2008
2.41591157453588,"b",2008
3.75746825871334,"b",2008
3.86624094350165,"b",2008
4.96386947793808,"b",2008
1.83697207482733,"b",2008
4.44872519324333,"b",2008
3.70328285480959,"b",2008
2.21501612204297,"b",2008
3.6794642676855,"b",2008
4.3818925826832,"b",2008
2.86312881081028,"b",2008
5.08830456771062,"b",2008
3.51205730564526,"b",2008
3.99611981707657,"b",2008
3.26390251516845,"b",2008
3.15483100122356,"b",2008
3.95661884522152,"b",2008
2.95573987497415,"b",2008
4.17041592245195,"b",2008
4.61168147840595,"b",2008
3.85980625126276,"b",2008
5.7063598962522,"b",2008
4.38601758517425,"b",2008
2.50602977131815,"b",2008
3.24480544350842,"b",2008
1.80540586887681,"b",2008
4.830990502472,"b",2008
3.90690925338836,"b",2008
3.75521778625566,"b",2008
2.34187692655115,"b",2008
3.29248281282803,"b",2008
5.08991852088253,"b",2008
4.23455697318829,"b",2008
3.02327201769165,"b",2008
3.27551669051353,"b",2009
5.0464856511645,"b",2009
3.62600583866994,"b",2009
4.47078685647742,"b",2009
3.94355245460192,"b",2009
4.83313449065802,"b",2009
3.34488991630553,"b",2009
5.34060954344071,"b",2009
5.61407234456493,"b",2009
5.08507650515709,"b",2009
6.36241145086029,"b",2009
4.76615355161842,"b",2009
2.03228761264172,"b",2009
4.79837045239462,"b",2009
5.11449779060585,"b",2009
4.32943248584128,"b",2009
5.37082177931766,"b",2009
5.20026761747269,"b",2009
4.70233540156714,"b",2009
1.40133547162554,"b",2009
4.43511502458032,"b",2009
2.80926655569428,"b",2009
4.95121455935945,"b",2009
3.65830492829272,"b",2009
3.97833636975518,"b",2009
5.34573428417429,"b",2009
5.2050164157158,"b",2009
2.97795117518754,"b",2009
4.93506458378957,"b",2009
4.9324169336284,"b",2009
4.48678869433411,"b",2009
5.29254702678575,"b",2009
2.70965662328287,"b",2009
6.46716570572158,"b",2009
4.46325284589817,"b",2009
6.72856013245129,"b",2009
2.92463589668084,"b",2009
4.83380927482552,"b",2009
3.14690249288096,"b",2009
4.27835048180762,"b",2009
6.48500663407143,"b",2009
4.97046336568705,"b",2009
4.12711439920462,"b",2009
2.35854244009621,"b",2009
3.90907113788802,"b",2009
4.52912806490405,"b",2009
5.06394056978389,"b",2009
5.47539868402293,"b",2009
3.10484981248768,"b",2009
3.94851988957999,"b",2009
4.16737134137903,"b",2009
4.36994350095895,"b",2009
4.96743392653821,"b",2009
4.04473895909235,"b",2009
2.59200263626589,"b",2009
4.76801620150345,"b",2009
7.47300329137596,"b",2009
3.28419618403259,"b",2009
2.46248515423951,"b",2009
3.12978242319002,"b",2009
5.88512319406984,"b",2009
3.63739183432272,"b",2009
3.26464237496365,"b",2009
4.8718966466807,"b",2009
4.82566514379181,"b",2009
4.4684095647069,"b",2009
5.4382692005848,"b",2009
6.28841356122434,"b",2009
5.50595526321922,"b",2009
6.22251345782201,"b",2009
2.71032004932418,"b",2009
3.40034445864245,"b",2009
4.71794464964738,"b",2009
2.73767325586326,"b",2009
4.7543495870615,"b",2009
3.78879280181168,"b",2009
4.30639827724527,"b",2009
7.20243946617063,"b",2009
5.77872833332577,"b",2009
3.49247193636287,"b",2009
5.18397607932582,"b",2009
3.41539771308387,"b",2009
6.25532403173671,"b",2009
5.19936102638643,"b",2009
4.21322568937063,"b",2009
4.35782030502591,"b",2009
3.29602545020642,"b",2009
3.71770056960132,"b",2009
3.42003773325,"b",2009
4.29364530267396,"b",2009
5.44067516223396,"b",2009
4.4485118255611,"b",2009
5.25176242736768,"b",2009
3.18505172857141,"b",2009
4.57886057054284,"b",2009
5.27962845848292,"b",2009
4.97353305758842,"b",2009
3.3050804225011,"b",2009
4.18348866582221,"b",2009
5.601957761612,"b",2009
5.54855196871023,"b",2010
4.97608029717701,"b",2010
5.85531858118483,"b",2010
6.03575564505516,"b",2010
4.77939782285242,"b",2010
5.68326905167705,"b",2010
6.53948353179504,"b",2010
5.06500313345687,"b",2010
5.96583238086885,"b",2010
4.6496923561957,"b",2010
4.52792100445774,"b",2010
3.59076895466805,"b",2010
5.38951871819064,"b",2010
4.13154585465137,"b",2010
4.15723868876881,"b",2010
4.69117558141661,"b",2010
3.94203308339988,"b",2010
5.17701411535137,"b",2010
5.20047858917507,"b",2010
5.07300353960911,"b",2010
3.30805297744518,"b",2010
5.93285534280805,"b",2010
4.86953868166449,"b",2010
4.78204377303057,"b",2010
2.84954849199241,"b",2010
3.39978954773471,"b",2010
5.54958615994975,"b",2010
6.00808248505989,"b",2010
5.5758298301688,"b",2010
6.18500526022439,"b",2010
3.940457021121,"b",2010
4.180825456068,"b",2010
4.90611124394123,"b",2010
3.23738326382682,"b",2010
5.41789675817038,"b",2010
2.94310028189894,"b",2010
4.88794463150644,"b",2010
4.59497349681947,"b",2010
6.03268484376711,"b",2010
5.12715013655452,"b",2010
5.61990642952028,"b",2010
4.62830949949599,"b",2010
4.52974366514219,"b",2010
3.89732060399268,"b",2010
6.55198219247593,"b",2010
4.60273171675683,"b",2010
5.04929854962653,"b",2010
4.0545621896317,"b",2010
4.35740479993806,"b",2010
5.10589271010549,"b",2010
5.83994227684387,"b",2010
4.71234813525533,"b",2010
6.69317915611863,"b",2010
6.250737419643,"b",2010
5.49851138057737,"b",2010
5.63191675296298,"b",2010
4.43607030050888,"b",2010
4.65101961305742,"b",2010
7.53207937134145,"b",2010
4.9469070896489,"b",2010
5.54252371403038,"b",2010
5.41308434616532,"b",2010
4.11310260313756,"b",2010
5.38227341255148,"b",2010
5.5556497588715,"b",2010
5.10704310586089,"b",2010
5.44116918705615,"b",2010
3.98541596330768,"b",2010
4.80032818427114,"b",2010
5.24997788422787,"b",2010
4.81115770050725,"b",2010
5.81263936339759,"b",2010
6.08963875845417,"b",2010
5.31841018010501,"b",2010
4.93472618630014,"b",2010
6.8497001985408,"b",2010
5.75186471473771,"b",2010
5.91153804058313,"b",2010
4.78261007900883,"b",2010
4.16181651827666,"b",2010
5.1917807423622,"b",2010
4.8304362253335,"b",2010
4.60839953242432,"b",2010
4.04578411068594,"b",2010
5.28059073170314,"b",2010
3.46563106120608,"b",2010
4.26967524147394,"b",2010
4.71089282239353,"b",2010
4.7076583033359,"b",2010
4.76749538224823,"b",2010
3.8028409852714,"b",2010
5.67419552939256,"b",2010
4.61807261042378,"b",2010
4.09875561699273,"b",2010
5.58898320799612,"b",2010
5.48661021815846,"b",2010
6.3162958886409,"b",2010
5.34881338511896,"b",2010
5.69083205451338,"b",2010
3.91573116716539,"b",2010
